(Parent) ASIN,(Child) ASIN,Title_x,Page Views - Total,Page Views - Total - B2B,Page Views Percentage - Total,Page Views Percentage - Total - B2B,Featured Offer (Buy Box) Percentage,Featured Offer (Buy Box) Percentage - B2B,Units Ordered,Units Ordered - B2B,Ordered Product Sales,Ordered Product Sales - B2B,Country,Locale,Image,Title_y,Sales Rank: Current,Sales Rank: 90 days avg.,Sales Rank: Drops last 30 days,Sales Rank: Drops last 90 days,Sales Rank: Drops last 180 days,Reviews: Rating,Reviews: Review Count,Last Price Change,Buy Box: Current,Buy Box: 90 days avg.,Buy Box: Stock,Buy Box out of stock percentage: 90 days OOS %,Buy Box Seller,Buy Box: Is FBA,Buy Box: Unqualified,Amazon: Current,Amazon: 90 days avg.,Amazon out of stock percentage: 90 days OOS %,New: Current,New: 90 days avg.,New out of stock percentage: 90 days OOS %,"New, 3rd Party FBM: Current","New, 3rd Party FBM: 90 days avg.",New Offer Count: Current,New Offer Count: 30 days avg.,New Offer Count: 90 days avg.,New Offer Count: 180 days avg.,Tracking since,Listed since,Categories: Root,Categories: Sub ,Categories: Tree,Launchpad,ASIN,Product Codes: PartNumber,Parent ASIN,Variation ASINs,Freq. Bought Together,Manufacturer,Brand,Product Group,Model,Variation Attributes,Color,Size,Package: Dimension (cm³),Package: Weight (g),Package: Quantity,Item: Dimension (cm³),Item: Weight (g),Adult Product,amazon-order-id,purchase-date,last-updated-date,order-status,sales-channel,ship-service-level,product-name,sku,asin,quantity,currency,item-price,item-tax,ship-city,ship-state,ship-postal-code,ship-country,is-business-order,Latitude,Longitude
B07FKTGXC2,B07FDL9RK1,RMR (RMR-141 sterilized spray & cleaner family bacteria and 99%of viruses EPA (US Environmental Protection Agency) Registered 32 ounce bottle,4,0.0,0.0001,0.0,1.0,0.0,0,0.0,0.0,0.0,Japan,,,,,,,,,,,,,,,,,,,,,,,,,,,,,,,,,Health & Household,,,,,,,,,,,,,,,,,,,,,,250-8973048-7599811,2023-06-18 17:17:34+00:00,2023-06-19 15:33:25+00:00,Shipped,Amazon.co.jp,Standard,RMR (A[GA[) RMR-141 EÛXv[N[i[ ÆëÌ×ÛÆECXÌ99%ð JrÜ EPA (ÄÂ«Ûì¡) o^ÏÝ 32IX{g,ONEAMZ-QxY3862703,B07FDL9RK1,1,JPY,81.78,7.44,,R§,400-0832,Japan,,35.6339,138.5925
B07XDB4Z5Q,B07XDB4Z5Q,Keyentre Speaker Stands,18,0.0,0.0005,0.0,0.4444,0.0,1,0.0,49.8,0.0,Japan,Japan,https://images-na.ssl-images-amazon.com/images/I/415hYom5VyL.jpg;https://images-na.ssl-images-amazon.com/images/I/51+Yh5eIdJL.jpg;https://images-na.ssl-images-amazon.com/images/I/41tM0AelREL.jpg;https://images-na.ssl-images-amazon.com/images/I/51x6Ezy+FpL.jpg;https://images-na.ssl-images-amazon.com/images/I/51nphOMNm4L.jpg;https://images-na.ssl-images-amazon.com/images/I/51GDPP2g96L.jpg;https://images-na.ssl-images-amazon.com/images/I/51p3YAI8yJL.jpg,Keyentre Speaker Stands,,,-1.0,-1.0,-1.0,4.7,1042.0,2023-06-17 20:44:00,49.8,49.23,19.0,0.42,EKOZ S Store Direct (0% AOEO8B43QOAS2),no,no,,,1.0,49.55,47.28,0.0,49.55,49.79,4.0,4.0,6.0,4.0,2020-12-07,2020-12-09,Home Appliances & Camera,Speaker mounting parts,Home Appliances & Camera ›Audio› Home Audio Accessories ›Speaker Accessories› Speaker mounting parts,no,B07XDB4Z5Q,,,,,Keyentre,Keyentre,electronics,,,XX3,XX3,3690.0,699.0,1.0,,501.0,no,249-0788892-3511038,2023-06-17 16:09:23+00:00,2023-06-17 20:07:02+00:00,Shipped,Amazon.co.jp,Standard,KeyEntre Speaker Stands,ONEAMZ-VJw4893186,B07XDB4Z5Q,1,JPY,49.8,4.53,,F{§,869-1107,Japan,,32.8448,130.8222
B0BG4HP6TT,B09LP89HZW,OTTERBOX iPhone 13 Symmetry Series + Case -Edies that snapped in black super -smooth MAGSAFE protect the camera and screen.,10,0.0,0.0003,0.0,0.4444,0.0,1,0.0,51.23,0.0,Japan,,,,,,,,,,,,,,,,,,,,,,,,,,,,,,,,,Cell Phones & Accessories,,,,,,,,,,,,,,,,,,,,,,250-3288693-1296633,2023-06-17 08:38:11+00:00,2023-06-17 11:49:04+00:00,Shipped,Amazon.co.jp,Standard,OtterBox iPhone 13 Symmetry Series + P[X - ubN ´ç© MagSafeÉXibvÂ ·èãªÁ½GbWªJÆæÊðÛìB,ONEAMZ-eNJ4043737,B09LP89HZW,1,JPY,51.23,4.66,,_Þì§,251-0041,Japan,,35.341504433333334,139.44627616666668
B07GMQXZSY,B07GMQXZSY,"Flamingo party wheel balloon kit (9 packs), 2 packs of pineapple balloons, 1 palm tree balloon, 2 flamingo balloon, mini framing baloon roux tropical party supplies",5,0.0,0.0001,0.0,0.6,0.0,2,0.0,65.4,0.0,Japan,Japan,https://images-na.ssl-images-amazon.com/images/I/61HSYkIszZL.jpg;https://images-na.ssl-images-amazon.com/images/I/41DP-nqWPUL.jpg;https://images-na.ssl-images-amazon.com/images/I/41AZ7Y2rnmL.jpg;https://images-na.ssl-images-amazon.com/images/I/41f18tdEnyL.jpg;https://images-na.ssl-images-amazon.com/images/I/41wZTZz6paL.jpg;https://images-na.ssl-images-amazon.com/images/I/31HwcWID8RL.jpg;https://images-na.ssl-images-amazon.com/images/I/51vQW4OaX+L.jpg,"Flamingo party wheel balloon kit (9 packs), 2 packs of pineapple balloons, 1 palm tree balloon, 2 flamingo balloon, mini framing baloon roux tropical party supplies",39742.0,,0.0,0.0,0.0,4.4,273.0,2023-06-19 06:56:00,,,,1.0,Pelinaki-JP (0% AAFNL6DCJUX9C),no,no,,,1.0,31.36,39.37,0.0,,,5.0,3.0,3.0,3.0,2019-07-16,,Toys & Games,"Balloon / Balloon, Party Accessories _ Applications, toys _2column, 2189627051, TOYS -AmazongLobal Free Shipping",Toy ›Party goods› Balloon / balloon,no,B07GMQXZSY,ex-18819,,,,sunnylifyau,sunnylifyau,Toy,,,Multi,,468.0,132.0,,,,no,249-2559808-7050249,2023-06-17 01:50:47+00:00,2023-06-17 07:36:36+00:00,Shipped,Amazon.co.jp,Standard,t~Sªe[}Ìp[eB[zCo[Lbg (9ÂpbN)ApCibvo[ 2ÂpbNAVÌØÌo[ 1ÂAt~So[ 2ÂA~jt~So[ [AEo[ gsJp[eB[pi,ONEAMZ-TNt3069504,B07GMQXZSY,2,JPY,65.4,5.95,,kC¹,065-0025,Japan,,43.09469736923077,141.3638532423077
B0BDSDJW1J,B09S9V8BLQ,EMODA Queen Bed Frame Box Spring No Spring No Sprouts 18 inch High Metal Tall Platform Bed Frame Cue Large Storage Space Assembly Easy Black Black,66,1.0,0.002,0.0018,0.2308,0.0,1,0.0,360.3,0.0,Japan,Japan,https://images-na.ssl-images-amazon.com/images/I/31UFkwly0EL.jpg;https://images-na.ssl-images-amazon.com/images/I/41NlUkIcfSL.jpg;https://images-na.ssl-images-amazon.com/images/I/51DtknyC2eL.jpg;https://images-na.ssl-images-amazon.com/images/I/41Gwd6y5EFL.jpg;https://images-na.ssl-images-amazon.com/images/I/51M5dxzfVVL.jpg;https://images-na.ssl-images-amazon.com/images/I/41Onloh3r3L.jpg;https://images-na.ssl-images-amazon.com/images/I/41YZ3ltFojL.jpg;https://images-na.ssl-images-amazon.com/images/I/311sF6idqrL.jpg;https://images-na.ssl-images-amazon.com/images/I/31JQIHug04L.jpg,EMODA Queen Bed Frame Box Spring No Spring No Sprouts 18 inch High Metal Tall Platform Bed Frame Cue Large Storage Space Assembly Easy Black Black,190584.0,682749.0,1.0,2.0,2.0,4.6,1157.0,2023-06-17 01:04:00,360.36,359.96,20.0,0.05,MRT Central (0% A1NAMTJ92LTBDS),no,no,,,1.0,360.35,355.65,0.0,360.33,366.72,6.0,9.0,9.0,10.0,2022-12-26,2022-09-09,Home & Kitchen,Bed frame,Home & Kitchen ›Furniture› Bedroom furniture ›Bed / bed frame› Bed frame,no,B09S9V8BLQ,WS4018,B0BDSDJW1J,"B09S9VQW19,B09S9Q1PP9,B09SB26MM3,B09S9V8BLQ,B09S9N2YNZ",,EMODA,EMODA,Household goods,WS5018,Size: Queen;,black,Queen,32168.0,19459.0,,1399018.0,17999.0,no,249-9275226-5326268,2023-06-16 08:17:48+00:00,2023-06-19 16:38:09+00:00,Shipped,Amazon.co.jp,Standard,EMODA NC[xbht[ {bNXXvOsv 18C` Ïv ^ g[vbgtH[ xbht[ NC[TCY å«Èû[Xy[X gÝ§ÄÈP ubN,ONEAMZ-VJw1235344,B09S9V8BLQ,1,JPY,360.3,32.75,,s,101-0041,Japan,,35.69595291666667,139.77009025
B07DL34R8V,B07DL34R8V,Color of Night [Blu-ray],51,0.0,0.0015,0.0,0.4902,0.0,2,0.0,66.82,0.0,Japan,,,,,,,,,,,,,,,,,,,,,,,,,,,,,,,,,Movies & TV,,,,,,,,,,,,,,,,,,,,,,250-8570776-3564626,2023-06-15 18:24:18+00:00,2023-06-16 07:14:13+00:00,Shipped,Amazon.co.jp,Standard,Color of Night [Blu-ray],ONEAMZ-QxY3266185,B07DL34R8V,1,JPY,33.4,3.04,,xR§,932-0305,Japan,,36.5665,136.989
B00KGTRY7M,B00KGTRY7M,AMERIPLATE 361 Flute cleaning rod steel,5,0.0,0.0001,0.0,1.0,0.0,1,0.0,27.13,0.0,Japan,Japan,https://images-na.ssl-images-amazon.com/images/I/31UbAjxLcyL.jpg,AMERIPLATE 361 Flute cleaning rod steel,,,-1.0,-1.0,-1.0,,,2023-06-17 23:40:00,,,,,GlobalExpojapan (0% A2KNMPGYKFDDVR),no,no,,,1.0,27.36,33.47,0.0,,,4.0,7.0,9.0,6.0,2022-11-30,,Musical Instruments,Woodwind instruments maintenance supplies,Musical instruments / acoustic equipment ›tube / brass band musical instruments› Pipe / Brass Band Musical Instruments Accessories ›Woodwoman Musical Instruments Accessories› Woodwind Maintenance Supplies,no,B00KGTRY7M,361,,,,AMERIPLATE,AMERIPLATE,instrument,361,,,,203.0,59.0,,16.0,,no,249-8639634-8237421,2023-06-15 06:49:10+00:00,2023-06-15 08:11:32+00:00,Shipped,Amazon.co.jp,Standard,Ameriplate 361 t[gN[jObh X`[,ONEAMZ-eNJ4097046,B00KGTRY7M,1,JPY,27.13,2.47,,åã{,561-0802,Japan,,34.81106,135.46672
B0B5MD3Y88,B00R4ZVETA,AVID EDUCATION AE-36-GR Stereo Classroom Computer Headset Single with Boom Mike Single Trs Plug Green,115,2.0,0.0034,0.0035,0.9391,1.0,2,0.0,78.31,0.0,Japan,Japan,https://images-na.ssl-images-amazon.com/images/I/31GMtmwvm+L.jpg;https://images-na.ssl-images-amazon.com/images/I/41-udJZGgLL.jpg;https://images-na.ssl-images-amazon.com/images/I/31EE8innaiL.jpg;https://images-na.ssl-images-amazon.com/images/I/41LKNW+n7OL.jpg;https://images-na.ssl-images-amazon.com/images/I/31+yuPg6wmL.jpg;https://images-na.ssl-images-amazon.com/images/I/31Gb3foTqeL.jpg;https://images-na.ssl-images-amazon.com/images/I/31lepMdOnkL.jpg;https://images-na.ssl-images-amazon.com/images/I/21oEbP6sf3L.jpg,AVID EDUCATION AE-36-GR Stereo Classroom Computer Headset Single with Boom Mike Single Trs Plug Green,207957.0,150554.0,0.0,0.0,0.0,,,2023-06-18 15:48:00,41.26,42.36,10.0,0.09,Triplenet Pricing Inc (68% at99QXF8M6T2I),no,no,,,1.0,41.05,39.63,0.0,41.25,40.65,5.0,4.0,4.0,3.0,2019-05-20,2015-08-15,Home Appliances & Camera,"Earphone / headphones, high -quality earphones, high -quality audio, spear headphone campaign, best audio / telephone for gifts for year -end and winter gifts | Amazon (Amazon)",Home appliances & cameras ›Earphone headphones,no,B00R4ZVETA,AE-36GREEN,B0B5MD3Y88,B00R4ZVETA,,"Avid Products, Inc.",AVID EDUCATION,wireless,1EDU-AE36GR-EEN,Color: black; size: single;,green,Single,1134.0,885.0,1.0,926.0,105.0,no,503-7298507-7137460,2023-06-15 03:17:46+00:00,2023-06-15 08:15:27+00:00,Shipped,Amazon.co.jp,Standard,AVID Education AE-36-GR XeI³ºRs[^wbhZbg u[}CNt« VOTRRSvO O[,ONEAMZ-VJw5142981,B00R4ZVETA,2,JPY,78.31,7.11,,Tokyo-to,106-0047,Japan,,35.65025412,139.7269497
B07DL34R8V,B07DL34R8V,Color of Night [Blu-ray],51,0.0,0.0015,0.0,0.4902,0.0,2,0.0,66.82,0.0,Japan,,,,,,,,,,,,,,,,,,,,,,,,,,,,,,,,,Movies & TV,,,,,,,,,,,,,,,,,,,,,,250-5033738-0181401,2023-06-15 02:06:56+00:00,2023-06-15 08:11:32+00:00,Shipped,Amazon.co.jp,Standard,Color of Night [Blu-ray],ONEAMZ-QxY3266185,B07DL34R8V,1,JPY,33.42,3.04,,ïé§,315-0015,Japan,,36.29149,140.27411
B076KN3Z7Q,B07GZ946K1,LOURDES Rosary Metal Beads and Blue Box Gift Set,24,0.0,0.0007,0.0,0.3913,0.0,1,0.0,45.22,0.0,Japan,Japan,https://images-na.ssl-images-amazon.com/images/I/51FtWBUHnJL.jpg;https://images-na.ssl-images-amazon.com/images/I/51h6FdwSnOL.jpg,LOURDES Rosary Metal Beads and Blue Box Gift Set,237480.0,549925.0,2.0,3.0,6.0,4.6,115.0,2023-06-17 17:44:00,44.97,47.04,10.0,0.03,Delfino Star Store (88% A1U9P37RDPLQBY),no,no,,,1.0,44.78,44.46,0.0,,47.05,6.0,6.0,6.0,5.0,2023-01-12,2019-03-31,Fashion,jewelry,Fashion ›Ladies› Jewelry,no,B07GZ946K1,4-1412b,B076KN3Z7Q,"B0BDTF8MSB,B07GZDP1F5,B07GZ7YS8Z,B076MKXYFZ,B0BDPH8GHX,B07GZ946K1,B00V4PXIX6,B07GZ73YC2,B0BDR7B1HX,B00VETWG9E,B07GZ7X98X,B07GZ97RKD,B0BDQLZBSY,B00VETW1I0,B00V4PXFZW,B00V4PXHGY,B00VETWGCQ,B074L9XNRJ,B07GZ7WYG3,B07GZ528QZ,B07GZ8LST6",,RosaryMart,RosaryMart,Jewelry,4-1412b,Color: Lourdo blue. ;,Lourdo blue.,,99.0,75.0,,48.0,73.0,no,249-1841756-4920614,2023-06-15 00:58:02+00:00,2023-06-15 08:15:26+00:00,Shipped,Amazon.co.jp,Standard,Lourdes UI ^r[YÆu[{bNXMtgZbg,ONEAMZ-mYB3478120,B07GZ946K1,1,JPY,45.22,4.11,,_Þì§,215-0003,Japan,,35.61108382878788,139.51388290787878
B002P4J3YI,B002P4J3YI,ST3600057SS CHEETAH15K.7 Hard Disk Drive (600GB) Seagate [parallel import],26,11.0,0.0008,0.0194,0.1923,0.1818,1,1.0,114.17,114.17,Japan,Japan,https://images-na.ssl-images-amazon.com/images/I/51RResSPClL.jpg,ST3600057SS CHEETAH15K.7 Hard Disk Drive (600GB) Seagate [parallel import],,,0.0,0.0,0.0,4.1,145.0,2023-06-18 10:04:00,118.86,116.8,,0.52,Ibrand.japan (94% AL3K29YKHC3SY),no,no,,,1.0,97.88,108.84,0.0,,127.89,8.0,8.0,9.0,7.0,2015-05-12,2013-06-09,Nan,"Parallel imports, Seagate",PC / Peripheral device ›Self Service› Special features Stores ›Partition_00000001› Parallel imports,no,B002P4J3YI,ST3600057SS,,,B003U56AIS,Seagate,Seagate,computer,ST3600057SS,,,Standard,4102.0,720.0,1.0,7047.0,685.0,no,503-7703021-4375067,2023-06-12 05:07:47+00:00,2023-06-15 08:55:49+00:00,Shipped,Amazon.co.jp,Standard,ST3600057SS Cheetah15K.7 n[hfBXNhCu(600GB) SeagateÐ [ÀsAüi],ONEAMZ-VJw3316370,B002P4J3YI,1,JPY,114.17,10.38,,_Þì§,243-0036,Japan,,35.4310882,139.3289928
B000E0R8IS,B000E0R8IS,GLOBAL G-56 Classic 7 inch knife stainless steel Vegetable Ground Hollow Chef 7 inch,57,0.0,0.0017,0.0,0.3684,0.0,1,0.0,201.11,0.0,Japan,,,,,,,,,,,,,,,,,,,,,,,,,,,,,,,,,Kitchen & Dining,,,,,,,,,,,,,,,,,,,,,,250-7206497-4411858,2023-06-11 08:56:55+00:00,2023-06-14 16:08:50+00:00,Shipped,Amazon.co.jp,Standard,Global G-56 NVbN 7C`iCt XeXX`[ xW^uOEhz[VFt 7C`,YENIANAHTARONEAMZ-ywf334859,B000E0R8IS,1,JPY,201.11,18.28,,s,154-0017,Japan,,35.64175678333333,139.64774505
B07KKLJQG1,B07KKLJQG1,"Customize your Own Green Street Sign by SmartSign | 18 ""x 4"" Aluminum",22,0.0,0.0007,0.0,0.9444,0.0,0,0.0,0.0,0.0,Japan,,,,,,,,,,,,,,,,,,,,,,,,,,,,,,,,,"Patio, Lawn & Garden",,,,,,,,,,,,,,,,,,,,,,250-3001144-5723035,2023-06-10 04:12:46+00:00,2023-06-10 04:14:59+00:00,Cancelled,Amazon.co.jp,Standard,"Customize Your Own Green Street Sign by SmartSign | 18"" x 4"" Aluminum",ONEAMZ-zJK2164083,B07KKLJQG1,0,,,,ª¤qs,Tokyo-to,192-0023,Japan,,35.6884243,139.3601108
B07KKLJQG1,B07KKLJQG1,"Customize your Own Green Street Sign by SmartSign | 18 ""x 4"" Aluminum",22,0.0,0.0007,0.0,0.9444,0.0,0,0.0,0.0,0.0,Japan,,,,,,,,,,,,,,,,,,,,,,,,,,,,,,,,,"Patio, Lawn & Garden",,,,,,,,,,,,,,,,,,,,,,503-0674506-1032621,2023-06-10 03:58:48+00:00,2023-06-10 04:02:21+00:00,Cancelled,Amazon.co.jp,Standard,"Customize Your Own Green Street Sign by SmartSign | 18"" x 4"" Aluminum",ONEAMZ-zJK2164083,B07KKLJQG1,0,,,,,Tokyo-to,192-0023,Japan,,35.6884243,139.3601108
B07KKLJQG1,B07KKLJQG1,"Customize your Own Green Street Sign by SmartSign | 18 ""x 4"" Aluminum",22,0.0,0.0007,0.0,0.9444,0.0,0,0.0,0.0,0.0,Japan,,,,,,,,,,,,,,,,,,,,,,,,,,,,,,,,,"Patio, Lawn & Garden",,,,,,,,,,,,,,,,,,,,,,249-6227783-0603835,2023-06-10 01:56:28+00:00,2023-06-10 01:56:56+00:00,Cancelled,Amazon.co.jp,Standard,"Customize Your Own Green Street Sign by SmartSign | 18"" x 4"" Aluminum",ONEAMZ-zJK2164083,B07KKLJQG1,0,,,,ª¤qs,Tokyo-to,192-0023,Japan,,35.6884243,139.3601108
B07B26LBP2,B07J579P2Q,MYTYS 2 Tone cross cross -over statement ring wedding ring Ladies Men's gold and silver plating width 18mm,5,0.0,0.0001,0.0,0.6,0.0,1,0.0,39.58,0.0,Japan,Japan,https://images-na.ssl-images-amazon.com/images/I/61+qs3ymeQL.jpg;https://images-na.ssl-images-amazon.com/images/I/416ZtSAaPjL.jpg;https://images-na.ssl-images-amazon.com/images/I/4142-FUhDfL.jpg;https://images-na.ssl-images-amazon.com/images/I/517lSfQF8EL.jpg;https://images-na.ssl-images-amazon.com/images/I/41erm6dNnVL.jpg;https://images-na.ssl-images-amazon.com/images/I/41bVDocGZTL.jpg;https://images-na.ssl-images-amazon.com/images/I/41fMddmmPHL.jpg,MYTYS 2 Tone cross cross -over statement ring wedding ring Ladies Men's gold and silver plating width 18mm,545801.0,2779584.0,3.0,3.0,3.0,4.4,5691.0,2023-06-18 16:18:00,34.91,47.18,5.0,0.0,Perform JP (45% a1ahddpiyvduh7),no,no,,,1.0,34.91,46.3,0.0,,48.34,3.0,4.0,4.0,3.0,2019-05-25,,Fashion,ring,Fashion ›Ladies› Jewelry ›Ring,no,B07J579P2Q,R1643#11,B07B26LBP2,"B01AFNGIV6,B07J579P2Q,B00ZQZ6P80,B00ZQZ6P8K,B00ZQZ6P4Y,B00ZQZ6P7G",,MyTys,MyTys,Jewelry,R1643#11,RingSize: 11;,gold,,174.0,9.0,,,10.0,no,503-3649695-3459851,2023-06-09 04:00:16+00:00,2023-06-15 08:54:45+00:00,Shipped,Amazon.co.jp,Standard,Mytys 2g[ ð·NXI[o[ Xe[ggO ¥wÖ fB[X Y S[hÆVo[bL 18mm,ONEAMZ-QxY1349785,B07J579P2Q,1,JPY,39.58,3.6,,§,971-8138,Japan,,37.0184,140.8983
B099P66Q1Y,B098T37423,AHXLL Nylon band 2 packs Samsung Galaxy Watch Active 2 44mm 40mm/Galaxy Watch 3 41mm/Galaxy Watch 444mm/Galaxy Watch 5 PRO 45 PRO 45 MM 20mm Extensions Sex sports loop breathable wristband (black+Army green),6,2.0,0.0002,0.0035,0.2,0.0,1,0.0,26.18,0.0,Japan,Japan,https://images-na.ssl-images-amazon.com/images/I/61r9CirQSJL.jpg;https://images-na.ssl-images-amazon.com/images/I/51GcTpPIBRL.jpg;https://images-na.ssl-images-amazon.com/images/I/51bWkPDSaTL.jpg;https://images-na.ssl-images-amazon.com/images/I/51Of4m+zRmS.jpg;https://images-na.ssl-images-amazon.com/images/I/51bid0X+0fS.jpg;https://images-na.ssl-images-amazon.com/images/I/51SAgrKQakS.jpg;https://images-na.ssl-images-amazon.com/images/I/51XLPBHfuJS.jpg,AHXLL Nylon band 2 packs Samsung Galaxy Watch Active 2 44mm 40mm/Galaxy Watch 3 41mm/Galaxy Watch 444mm/Galaxy Watch 5 PRO 45 PRO 45 MM 20mm Extensions Sex sports loop breathable wristband (black+Army green),393157.0,248454.0,0.0,0.0,0.0,4.5,1970.0,2023-06-17 13:32:00,28.07,28.07,,0.0,ONEROSE SHIPMENT (67% a3b212ncwle0yx),no,no,,,1.0,25.98,24.94,0.0,,24.96,10.0,8.0,7.0,7.0,2021-09-16,,Home Appliances & Camera,Exchange belt,Home appliances & cameras ›Mobile phone / smartphone› Mobile phone / smartphone accessories ›Smart Watch Accessories› Replacement belt,no,B098T37423,,B099P66Q1Y,"B09DSKB36Z,B09CD5BGPC,B09DSFWSWZ,B098T39WNF,B098T34K4B,B098T37423,B09H6GHD2F,B098T41RGC,B09CD56WPK,B09HGKVDR8",,,Ahxll,Jewelry,,Color: Black+Army Green. ;,Black+Army green.,,101.0,9.0,,,,no,503-0937411-6402230,2023-06-09 02:39:07+00:00,2023-06-15 08:53:49+00:00,Shipped,Amazon.co.jp,Standard,AHXLL iCoh 2{pbN Samsung Galaxy Watch Active 2 44mm 40mm/Active 40mm/Galaxy Watch 3 41mm/ Galaxy Watch 4 40mm 44mm /Galaxy Watch 5 Pro 45mm 20mm Lk« X|[c[v ÊC«Xgoh (ubN+A[~[O[),ONEAMZ-VJw5696441,B098T37423,1,JPY,26.18,2.38,,_Þì§,227-0046,Japan,,36.60618,139.51581
B07GVNTDSG,B07GVNTDSG,Replaced camera battery cover case door cap lid repair part CANON EOS 5D Mark III 5D 3 5D3 For digital cameras,8,0.0,0.0002,0.0,1.0,0.0,1,0.0,27.77,0.0,Japan,Japan,https://images-na.ssl-images-amazon.com/images/I/416IK6sWl+L.jpg;https://images-na.ssl-images-amazon.com/images/I/41TWoX86L+L.jpg;https://images-na.ssl-images-amazon.com/images/I/41cGsGboz3L.jpg;https://images-na.ssl-images-amazon.com/images/I/31zrdIASgNL.jpg;https://images-na.ssl-images-amazon.com/images/I/31K5EMT20FL.jpg;https://images-na.ssl-images-amazon.com/images/I/41JSDyzRpGL.jpg,Replaced camera battery cover case door cap lid repair part CANON EOS 5D Mark III 5D 3 5D3 For digital cameras,408559.0,929829.0,1.0,1.0,1.0,,,2023-06-17 08:40:00,26.19,23.72,18.0,0.8,EKOZ S Store Direct (0% AOEO8B43QOAS2),no,no,,,1.0,26.19,30.79,0.36,23.84,39.08,2.0,2.0,2.0,1.0,2021-06-29,2019-11-14,Home Appliances & Camera,accessory,Home appliances & cameras ›Camera› Accessories,no,B07GVNTDSG,8889,,,,Yadmiit2,Yadmiit2,computer,,,,,15.0,8.0,,,,no,503-1023355-7887014,2023-06-08 14:46:35+00:00,2023-06-08 16:12:27+00:00,Shipped,Amazon.co.jp,Standard,ð·pJobe[Jo[P[X hALbv WCp[c Canon EOS 5D Mark III 5D 3 5D3fW^Jp,ONEAMZ-mYB4265654,B07GVNTDSG,1,JPY,27.77,2.53,,Qn§,371-0046,Japan,,36.4252,139.04
B07H766TMY,B07H766TMY,Light -to -go skin color pencil for adults Portrait Skin Tone Artist Color Pencil Complete Color Range Light Fast Rating,45,0.0,0.0013,0.0,0.9333,0.0,1,0.0,35.32,0.0,Japan,Japan,https://images-na.ssl-images-amazon.com/images/I/51WJBRRutOL.jpg;https://images-na.ssl-images-amazon.com/images/I/51G+NUkbOQL.jpg;https://images-na.ssl-images-amazon.com/images/I/41q3ZAwviLL.jpg;https://images-na.ssl-images-amazon.com/images/I/51viXVgJVDL.jpg;https://images-na.ssl-images-amazon.com/images/I/51ysjxPlUhL.jpg;https://images-na.ssl-images-amazon.com/images/I/51FfXb26KYL.jpg;https://images-na.ssl-images-amazon.com/images/I/51qvdK7JNPL.jpg;https://images-na.ssl-images-amazon.com/images/I/510pABuuQqL.jpg;https://images-na.ssl-images-amazon.com/images/I/41fQc0RngLL.jpg,Light -to -go skin color pencil for adults Portrait Skin Tone Artist Color Pencil Complete Color Range Light Fast Rating,212735.0,206528.0,0.0,1.0,1.0,4.7,6088.0,2023-06-17 09:38:00,41.89,26.57,25.0,0.18,EKOZ S Store Direct (0% AOEO8B43QOAS2),no,no,,,1.0,41.89,29.28,0.0,41.22,33.85,2.0,2.0,3.0,1.0,2019-02-24,2019-03-07,Office Products,"Colored pencil, colored pencil, new semester stationery, pantry_writing equipment _pencing / mechanical pen, Office Products-AmazongLobal Free Shipping, writing utensils",Bunka / office supplies ›Writing instruments› Pencil / Mechanical Pen ›Color Pencils,no,B07H766TMY,Skin Cal,,,,Medihealth 1,Medihealth 1,Office supplies,,,"Beige, light",,388.0,180.0,1.0,273.0,,no,249-1154476-0024615,2023-06-07 10:24:54+00:00,2023-06-15 08:49:26+00:00,Shipped,Amazon.co.jp,Standard,Cgg[XLFM ålp |[g[g XLg[A[eBXgpFM ®SÈJ[W Cgt@Xg[eBO,ONEAMZ-mYB2960178,B07H766TMY,1,JPY,35.32,3.21,,{é§,981-8007,Japan,,38.3075673,140.8729588
B07FTXTZCY,B07FTXTZCY,"Record player needle replacement 2 packs with diamond chips --Crosley, jensen, pyle, Detrola, etc.",32,0.0,0.001,0.0,0.4375,0.0,1,0.0,45.57,0.0,Japan,,,,,,,,,,,,,,,,,,,,,,,,,,,,,,,,,Musical Instruments,,,,,,,,,,,,,,,,,,,,,,249-0245130-7079079,2023-06-04 11:41:51+00:00,2023-06-15 08:48:23+00:00,Shipped,Amazon.co.jp,Standard,"R[hv[[jð·p _Ch`bvt« 2ÂpbN - Crosley, Jensen, Pyle, DetrolaÈÇÉÎ - Dê½TEh - rj[ðÛì - 3000ÔÄ¶ - NCbNCXg[",ONEAMZ-VJw6948212,B07FTXTZCY,1,JPY,45.57,4.14,,«ê§,904-0324,Japan,,26.40885275,127.72920635
B0894BD1ZB,B087P72DSX,FORCEWAVE 2 Piece Silky Durag Pack Men's Ladies Wave Premium Satin Deluxe Durag Black US Size: M Color: Black,12,0.0,0.0004,0.0,0.0833,0.0,1,0.0,29.26,0.0,Japan,Japan,https://images-na.ssl-images-amazon.com/images/I/41ADqemomtS.jpg;https://images-na.ssl-images-amazon.com/images/I/51HHRmad43L.jpg;https://images-na.ssl-images-amazon.com/images/I/414yYbOEQrS.jpg;https://images-na.ssl-images-amazon.com/images/I/41OoaJyWILS.jpg;https://images-na.ssl-images-amazon.com/images/I/41DoyrOEwkS.jpg;https://images-na.ssl-images-amazon.com/images/I/41N3-9VY7hS.jpg;https://images-na.ssl-images-amazon.com/images/I/41+20hsqzzS.jpg;https://images-na.ssl-images-amazon.com/images/I/41GbM6K3LGS.jpg,FORCEWAVE 2 Piece Silky Durag Pack Men's Ladies Wave Premium Satin Deluxe Durag Black US Size: M Color: Black,654681.0,1700494.0,1.0,1.0,1.0,4.4,2306.0,2023-06-19 06:56:00,,28.35,,0.49,EB Trade (50% A1vwgashin74op),no,no,,,1.0,27.64,28.47,0.23,,29.94,8.0,6.0,4.0,5.0,2021-05-07,,Fashion,knit,Fashion ›Men's› Clothes & fashion accessories ›Fashion accessories› Hats ›Knit,no,B087P72DSX,,B0894BD1ZB,"B087P72DSX,B087P73B4X,B087P6HFPH,B087P7FXYB",,,ForceWave,Wear & shoes,,Color: Black Black;,Black Black,,694.0,68.0,,,,no,503-7976937-6259849,2023-06-03 23:54:13+00:00,2023-06-15 08:47:15+00:00,Shipped,Amazon.co.jp,Standard,ForceWave 2s[X VL[fOpbN Y fB[X EF[u v~A Te fbNX fO ubN US TCY: M J[: ubN,ONEAMZ-ajG291298,B087P72DSX,1,JPY,29.26,2.66,,éÊ§,363-0023,Japan,,36.06587,139.59186
B08R9P3F74,B08NDN99W9,ZXIIXZ Bead Needle 18 pieces 6 Size Bead Bead Bead Seed Bead Needle Large Eye Folding Bead Needle Set Jewelry,13,0.0,0.0004,0.0,0.3077,0.0,1,0.0,25.22,0.0,Japan,Japan,https://images-na.ssl-images-amazon.com/images/I/51Mf3MUVBFL.jpg;https://images-na.ssl-images-amazon.com/images/I/41l7E0PaIRL.jpg;https://images-na.ssl-images-amazon.com/images/I/41u0bhkDdNL.jpg;https://images-na.ssl-images-amazon.com/images/I/41ELlMEFcGL.jpg;https://images-na.ssl-images-amazon.com/images/I/51gL2uCMduL.jpg;https://images-na.ssl-images-amazon.com/images/I/51rtyos7tTL.jpg;https://images-na.ssl-images-amazon.com/images/I/41d-TAOezXL.jpg,ZXIIXZ Bead Needle 18 pieces 6 Size Bead Bead Bead Seed Bead Needle Large Eye Folding Bead Needle Set Jewelry,287501.0,185981.0,1.0,1.0,1.0,4.4,320.0,2023-06-19 06:44:00,,32.49,,0.58,Awesome Shop Trading (0% AAZT2UOXJG7EQ),no,no,,,1.0,22.9,25.79,0.0,,27.54,14.0,14.0,9.0,13.0,2021-02-23,2020-12-25,Hobby,Bead weaving tool,"Hobby ›Handicraft / Picture Materials› Beads, Resin Accessories ›Bead weaving tools",no,B08NDN99W9,ZXIIXZ-1,B08R9P3F74,B08NDN99W9,,ZXIIXZ,ZXIIXZ,Home & kitchen,ZXIIXZ-1,Size: 18 PCS;,,18 PCS,98.0,9.0,1.0,,,no,503-7304663-1742256,2023-06-03 11:22:17+00:00,2023-06-15 08:46:21+00:00,Shipped,Amazon.co.jp,Standard,Zxiixz r[Yj[h 18Â 6TCY r[YrbOACj[h V[hr[Yj[h å«ÈÚ Üè½½Ý®r[Yj[hZbg WG[»ìp,ONEAMZ-VJw3712618,B08NDN99W9,1,JPY,25.22,2.29,,ÂX§,038-0011,Japan,,40.8276,140.7252
B098VRXBZT,B098VRXBZT,Greenlight 46070 -B Dual Driver Series 7-1970 CHEVY C -30 Dual Wrecker -Texaco 24 Hours Road Service 1:64 Scale,9,2.0,0.0003,0.0035,0.4444,0.0,1,0.0,41.2,0.0,Japan,Japan,https://images-na.ssl-images-amazon.com/images/I/41Mj3wvR+fS.jpg,Greenlight 46070 -B Dual Driver Series 7-1970 CHEVY C -30 Dual Wrecker -Texaco 24 Hours Road Service 1:64 Scale,180050.0,125119.0,0.0,0.0,0.0,,,2023-06-18 02:16:00,,,,,EKINCI GLOBAL WARE HOUSE (0% A142YKEI1S6XYB),no,no,,,1.0,25.16,35.84,0.31,,,7.0,6.0,4.0,6.0,2021-08-18,,Toys & Games,"Vehicle toys, toys _2column, toys --Amazonglobal Free Shipping, Train / Minicar / Vehicle, Boys NAV_ Vehicle",Toys ›Vehicle toys,no,B098VRXBZT,46070-B,,,,Greenlight Collectibles,Greenlight Dually Drivers,Toy,46070-B,,,,1781.0,109.0,,79.0,,no,503-1795459-4335010,2023-05-29 16:54:06+00:00,2023-05-31 10:55:19+00:00,Shipped,Amazon.co.jp,Standard,Greenlight 46070-B fAhCo[V[Y 7 - 1970 Chevy C-30 fAbJ[ - Texaco 24Ô[hT[rX 1:64XP[,ONEAMZ-VJw3047352,B098VRXBZT,1,JPY,41.2,3.74,,V§,950-0116,Japan,,37.8746,139.1188
B07FR7QN1J,B074WFDM89,Sylbertone St. Benedict Juvilly Medal Key type Pendant Keychain 4 1/4 inch,11,0.0,0.0003,0.0,0.3333,0.0,1,0.0,24.44,0.0,Japan,Japan,https://images-na.ssl-images-amazon.com/images/I/31daQaNmBuL.jpg;https://images-na.ssl-images-amazon.com/images/I/41vxwCIU6bL.jpg;https://images-na.ssl-images-amazon.com/images/I/41PX2R5lr5L.jpg;https://images-na.ssl-images-amazon.com/images/I/31vs4dApobL.jpg;https://images-na.ssl-images-amazon.com/images/I/318va-z0yJL.jpg;https://images-na.ssl-images-amazon.com/images/I/41jMX55bOtL.jpg;https://images-na.ssl-images-amazon.com/images/I/219qPC57F1L.jpg,Sylbertone St. Benedict Juvilly Medal Key type Pendant Keychain 4 1/4 inch,837591.0,2235108.0,1.0,1.0,1.0,5.0,1.0,2023-06-19 02:52:00,22.78,24.9,,0.0,POMAGRANETE STORE (0% A3S62KAZQ8GTQP),no,no,,,1.0,22.42,23.52,0.0,,23.85,7.0,6.0,5.0,6.0,2021-09-17,2018-07-21,Fashion,"Keychain chain, Valentine Special -Fashion Gift",Fashion ›Men's› Bags / Wallets ›Bag Accessories› Keychain Chain,no,B074WFDM89,MPN#1479-1482Series,B07FR7QN1J,"B074WH34X7,B074WCM62B,B074WFDM89",,Hirten,Saint Benedict Medal Keychains,Automotive supplies,,Color: Silver;,Silver,,40.0,24.0,1.0,,,no,503-3601961-6785443,2023-05-28 10:41:34+00:00,2023-05-31 10:54:44+00:00,Shipped,Amazon.co.jp,Standard,Vo[g[ ¹xlfBNgEWr[_ L[^ y_g L[`F[ 4 1/4C`,ONEAMZ-ajG454305,B074WFDM89,1,JPY,24.44,2.22,,kC¹,040-0061,Japan,,41.7823,140.7267
B0999D7JGB,B0999D7JGB,"FNQUFUJ Gos Necklace Long Spike Choker Punk Rock Color Halloween Costume Jewel Gothic Accessories, Fake Leather, no Jewels",30,0.0,0.0009,0.0,0.5,0.0,1,0.0,45.7,0.0,Japan,Japan,https://images-na.ssl-images-amazon.com/images/I/41-zIjG8HYS.jpg;https://images-na.ssl-images-amazon.com/images/I/31Zm+NLRwlL.jpg;https://images-na.ssl-images-amazon.com/images/I/31cZjal1LFL.jpg;https://images-na.ssl-images-amazon.com/images/I/51dUBzCADmS.jpg;https://images-na.ssl-images-amazon.com/images/I/31+12yZuulL.jpg;https://images-na.ssl-images-amazon.com/images/I/31XcWFhS0vS.jpg;https://images-na.ssl-images-amazon.com/images/I/411iul3-EzL.jpg;https://images-na.ssl-images-amazon.com/images/I/319MI9XsQyL.jpg;https://images-na.ssl-images-amazon.com/images/I/31u-xoBVGNS.jpg,"FNQUFUJ Gos Necklace Long Spike Choker Punk Rock Color Halloween Costume Jewel Gothic Accessories, Fake Leather, no Jewels",778852.0,461192.0,3.0,3.0,3.0,4.7,447.0,2023-06-17 15:40:00,32.72,36.09,10.0,0.8,EKOZ S Store Direct (0% AOEO8B43QOAS2),no,no,,,1.0,32.72,35.63,0.0,,49.34,5.0,4.0,4.0,3.0,2021-09-28,,Fashion,Necklace pendant,Fashion ›Ladies› Jewelry ›Necklace Pendant,no,B0999D7JGB,,,,,Fnqufuj,Fnqufuj,Jewelry,,,black,,672.0,85.0,1.0,,67.0,no,503-6855856-5309465,2023-05-27 17:48:48+00:00,2023-05-31 10:54:04+00:00,Shipped,Amazon.co.jp,Standard,"FNQUFUJ SXlbNX OXpCN`[J[ pNbNJ[ nEBRX`[WG[ SVbNANZT[, tFCNU[, óÎÈµ",ONEAMZ-VJw2403658,B0999D7JGB,1,JPY,45.7,4.15,,çt§,299-0127,Japan,,35.5608,140.03688
B099K8XFG6,B099K8XFG6,SUPULSE Lipo Battery Charger 2S-3S RC Balance Charger AC 7.4-11.1V 10W Upgrade Version B3AC PRO Compact Charger Charger (B3V2),161,0.0,0.0048,0.0,0.5963,0.0,1,0.0,35.06,0.0,Japan,,,,,,,,,,,,,,,,,,,,,,,,,,,,,,,,,Toys & Games,,,,,,,,,,,,,,,,,,,,,,250-4844956-3011800,2023-05-27 08:48:17+00:00,2023-05-28 12:35:55+00:00,Shipped,Amazon.co.jp,Standard,SUPULSE |obe[[dí 2S-3S RC oX[dí AC 7.4-11.1V 10W AbvO[hÅ B3AC Pro RpNg[dí |[dí (B3V2),ONEAMZ-VJw6950802,B099K8XFG6,1,JPY,35.06,3.19,,s,174-0046,Japan,,35.78623268125,139.67728495625
B0BVMCK5P4,B093BVQYYM,Seagate External Hard Disc 14TB Data Recovery 3 Years 3 Year Warranty EXPANSION HDD STKP14000400,309,23.0,0.0092,0.0405,0.2377,0.4211,0,0.0,0.0,0.0,Japan,,,,,,,,,,,,,,,,,,,,,,,,,,,,,,,,,Electronics,,,,,,,,,,,,,,,,,,,,,,249-2370509-2942251,2023-05-22 05:58:28+00:00,2023-05-22 12:17:37+00:00,Cancelled,Amazon.co.jp,Standard,Seagate Otn[hfBXN 14TB f[^3Nt 3NÛØ Ã¹ Expansion HDD STKP14000400,ONEAMZ-9J02411775,B093BVQYYM,0,JPY,211.27,21.12,,{é§,980-0014,Japan,,38.2653888595092,140.87539175981595
B07JCK8LF3,B07JCK8LF3,Forticept Maxi-Wash Treatment of Hot Points For Dogs | Medical spray spray | Leather cleaner and first aid legs | 8 ounces wound treatment,43,,0.0058,,0.0,,1,,67.57,,Mexico,,,,,,,,,,,,,,,,,,,,,,,,,,,,,,,,,Pet Supplies,,,,,,,,,,,,,,,,,,,,,,701-3151691-2985865,2023-06-08 01:53:23+00:00,2023-06-08 07:08:51+00:00,Shipped,Amazon.com.mx,Expedited,Forticept Maxi-Wash Tratamiento de puntos calientes para perros | Spray de alivio de picazÃ³n medicado | Limpiador de piel y patas de primeros auxilios | Tratamiento de heridas 8 onzas,ANAHTARTESLIM-ANc2249547,B07JCK8LF3,1,MXN,67.57,,CANCÃN,QUINTANA ROO,77503,Mexico,False,21.16384,-86.85373
B0BJ4MD47G,B0BJ4MD47G,"FlavaMix Performance Cocoa | 900mg of Cocoa Flavanols | Promotes Heart & Brain Function | Boosts Nitric Oxide | Plant Based, Zero Sugar | 31 Servings",313,11.0,0.0084,0.0163,0.0,0.0,6,6.0,659.15,659.15,Canada,,,,,,,,,,,,,,,,,,,,,,,,,,,,,,,,,Health & Household,,,,,,,,,,,,,,,,,,,,,,701-5830744-7404208,2023-06-13 12:18:46+00:00,2023-06-14 08:05:17+00:00,Shipped,Amazon.ca,Standard,"FlavaMix Performance Cocoa | 900mg of Cocoa Flavanols | Promotes Brain & Heart Function | Plant Based, Zero Sugar, Dairy Free | 31 Day Supply",ANAHTARTESLIM-bn92595901,B0BJ4MD47G,6,CAD,659.15,,Calgary,Alberta,T2G 2B6,Canada,True,51.05074964,-114.06242774
B07JGBZYJB,B07JGBZYJB,Optimum Pool Technologies R0456500 Temperature Sensor Replacement for Jandy LXI & Legacy Heater - Replaces R0456500,52,0.0,0.0014,0.0,0.0,0.0,4,0.0,290.25,0.0,Canada,Canada,https://images-na.ssl-images-amazon.com/images/I/41QivSZFJLL.jpg;https://images-na.ssl-images-amazon.com/images/I/31D5T+q6E0L.jpg;https://images-na.ssl-images-amazon.com/images/I/41xMWRxbtLL.jpg,Optimum Pool Technologies R0456500 Temperature Sensor Replacement for Jandy LXI & Legacy Heater - Replaces R0456500,96305.0,206513.0,3.0,3.0,3.0,4.5,55.0,2023-07-05 08:54:00,,,,1.0,-,no,yes,,,1.0,74.4,74.29,0.62,,72.84,2.0,3.0,2.0,2.0,2020-06-11,,"Patio, Lawn & Garden",Pool Heater & Heat Pump Parts,"Patio, Lawn & Garden › Pools, Hot Tubs & Supplies › Heaters & Accessories › Pool Heater Parts & Accessories › Pool Heater & Heat Pump Parts",no,B07JGBZYJB,OPT-456500,,,,Optimum Pool Technologies,Optimum Pool Technologies,Lawn & Patio,,,,,262.0,45.0,1.0,,,no,701-5784442-7351402,2023-06-12 20:11:31+00:00,2023-06-15 16:26:18+00:00,Shipped,Amazon.ca,Standard,Optimum Pool Technologies R0456500 Temperature Sensor Replacement for Jandy LXI & Legacy Heater - Replaces R0456500,ANAHTARTESLIM-ANc2571866,B07JGBZYJB,1,CAD,72.84,,North Bay,Ontario,P1A 3A8,Canada,False,46.34971,-79.41424
B07JQ3TLZ4,B07JQ3TLZ4,"BLACK+DECKER 20V MAX Cordless Hedge Trimmer, Battery & Charger Included (LHT218C1)",357,2.0,0.0096,0.003,0.0,0.0,1,0.0,159.9,0.0,Canada,Canada,https://images-na.ssl-images-amazon.com/images/I/31hrZsCcnuL.jpg;https://images-na.ssl-images-amazon.com/images/I/21tcS2EjEXL.jpg;https://images-na.ssl-images-amazon.com/images/I/312iMN2HZpL.jpg;https://images-na.ssl-images-amazon.com/images/I/51mSxKRqtIL.jpg;https://images-na.ssl-images-amazon.com/images/I/51h2002SdJL.jpg;https://images-na.ssl-images-amazon.com/images/I/41f68kYA+9L.jpg,"BLACK+DECKER 20V MAX Cordless Hedge Trimmer, Battery & Charger Included (LHT218C1)",80299.0,39789.0,2.0,19.0,31.0,4.6,91.0,2023-07-04 12:04:00,,80.54,,0.58,-,no,yes,,105.98,0.58,144.4,116.67,0.0,,157.78,7.0,5.0,3.0,5.0,2022-04-02,,"Patio, Lawn & Garden",Hedge Trimmers,"Patio, Lawn & Garden › Lawn Mowers & Outdoor Power Tools › Outdoor Power Tools › Hedge Trimmers",no,B07JQ3TLZ4,LHT218C1,,,,BLACK+DECKER,BLACK+DECKER,Lawn & Patio,LHT218C1,,Orange,18-in,25699.0,2585.0,1.0,21280.0,1950.0,no,701-6441836-5804225,2023-06-12 17:32:32+00:00,2023-06-15 21:57:41+00:00,Shipped,Amazon.ca,Standard,"BLACK+DECKER 20V MAX Cordless Hedge Trimmer, Battery & Charger Included (LHT218C1)",ANAHTARTESLIM-bn9468163,B07JQ3TLZ4,1,CAD,159.9,,Rothesay,New Brunswick,E2S 1A2,Canada,False,45.38927,-65.95193
B082RZ8TCL,B07W79YBDR,"JZSUPER Towing Mirrors fit for Ford F150 Pickup Truck 2015 2016 2017 2018 2019, Power Heated with Turn Signal Temperature Sensor- 8 Pin Plug",490,4.0,0.0131,0.0059,0.0,0.0,1,0.0,406.27,0.0,Canada,Canada,https://images-na.ssl-images-amazon.com/images/I/41B4jQK4rZL.jpg;https://images-na.ssl-images-amazon.com/images/I/41nrkB2KOBL.jpg;https://images-na.ssl-images-amazon.com/images/I/41o8501+ZGL.jpg;https://images-na.ssl-images-amazon.com/images/I/41c0xUV9NwL.jpg;https://images-na.ssl-images-amazon.com/images/I/41TPhLd3l8L.jpg;https://images-na.ssl-images-amazon.com/images/I/41+L6pCkSfL.jpg;https://images-na.ssl-images-amazon.com/images/I/41aZa5gxVvL.jpg;https://images-na.ssl-images-amazon.com/images/I/41CR-spGpQL.jpg;https://images-na.ssl-images-amazon.com/images/I/4129DwiX5aL.jpg,"JZSUPER Towing Mirrors fit for Ford F150 Pickup Truck 2015 2016 2017 2018 2019, Power Heated with Turn Signal Temperature Sensor- 8 Pin Plug",88683.0,72331.0,4.0,20.0,43.0,4.3,1123.0,2023-07-05 03:32:00,422.87,420.45,20.0,0.32,WESTBUY CA (88% A2NDCYQBZ562F6),no,no,,,1.0,407.95,426.51,0.0,407.16,429.05,7.0,7.0,5.0,6.0,2020-04-20,2019-09-13,Automotive & Motorcycle,Towing Mirrors,Automotive › Exterior Accessories › Towing Products & Winches › Hitch Accessories › Towing Mirrors,no,B07W79YBDR,JZ-TM-0001,B082RZ8TCL,"B089QD14HH,B07W79YBDR",,JZSUPER,JZSUPER,Automotive Parts and Accessories,,Color: 2018 2019 Black Housing;,2018 2019 Black Housing,Towing Mirrors,93012.0,11680.0,1.0,,,no,701-8077992-7052244,2023-06-11 23:23:18+00:00,2023-06-14 16:39:59+00:00,Shipped,Amazon.ca,Standard,"JZSUPER Towing Mirrors fit for Ford F150 Pickup Truck 2015 2016 2017 2018 2019, Power Heated with Turn Signal Temperature Sensor- 8 Pin Plug",ANAHTARTESLIM-bn92691637,B07W79YBDR,1,CAD,406.27,,Yellowknife,Northwest Territories,X1A 0C6,Canada,False,62.453972,-114.371788
B07FB9QNQ8,B07F91VL73,"Gzero 12 pakes Wrought Iron Hanging Candelabra, Matte Black Finish Decorative Candle Holder for DIY Lighting Wine Bottle Jar Perfect DIY Birthday Gift Party Lantern Lamp Garden Porch …",7,0.0,0.0002,0.0,0.0,0.0,1,0.0,91.01,0.0,Canada,Canada,https://images-na.ssl-images-amazon.com/images/I/51arp9yb2iS.jpg;https://images-na.ssl-images-amazon.com/images/I/51gIqYLXXJS.jpg;https://images-na.ssl-images-amazon.com/images/I/312hdc5wnIS.jpg;https://images-na.ssl-images-amazon.com/images/I/41hcB1b7oVS.jpg;https://images-na.ssl-images-amazon.com/images/I/511gafWrSBS.jpg;https://images-na.ssl-images-amazon.com/images/I/51x0-3pzHRS.jpg;https://images-na.ssl-images-amazon.com/images/I/51-UIj4hPQS.jpg;https://images-na.ssl-images-amazon.com/images/I/61SYEB-aXhL.jpg;https://images-na.ssl-images-amazon.com/images/I/51etZvTVOKS.jpg,"Gzero 12 pakes Wrought Iron Hanging Candelabra, Matte Black Finish Decorative Candle Holder for DIY Lighting Wine Bottle Jar Perfect DIY Birthday Gift Party Lantern Lamp Garden Porch …",584810.0,784501.0,1.0,1.0,1.0,,,2023-07-05 08:54:00,,,,1.0,BurcuCoast Market Canada (0% A3IFAYYRF908AZ),no,no,,,1.0,86.87,90.51,0.58,,,4.0,3.0,3.0,3.0,2019-12-22,2018-07-05,Home & Kitchen,Decorative Candle Lanterns,Home & Kitchen › Home Décor › Candles & Holders › Candleholders › Decorative Candle Lanterns,no,B07F91VL73,GZ-HM005*12,B07FB9QNQ8,"B07F91VL73,B07F92FNP9",,Gzero,Gzero,Home,GZ-HM005*12,Color: 12 Packs;,12 Packs,,5896.0,671.0,,,,no,702-5337631-6297849,2023-06-11 21:45:12+00:00,2023-06-18 16:16:46+00:00,Shipped,Amazon.ca,Standard,"Gzero 12 pakes Wrought Iron Hanging Candelabra, Matte Black Finish Decorative Candle Holder for DIY Lighting Wine Bottle Jar Perfect DIY Birthday Gift Party Lantern Lamp Garden Porch ...",ANAHTARTESLIM-QxY2560392,B07F91VL73,1,CAD,91.01,,Grimsby,Ontario,L3M 3E4,Canada,False,43.19069,-79.55941
B07JGBZYJB,B07JGBZYJB,Optimum Pool Technologies R0456500 Temperature Sensor Replacement for Jandy LXI & Legacy Heater - Replaces R0456500,52,0.0,0.0014,0.0,0.0,0.0,4,0.0,290.25,0.0,Canada,Canada,https://images-na.ssl-images-amazon.com/images/I/41QivSZFJLL.jpg;https://images-na.ssl-images-amazon.com/images/I/31D5T+q6E0L.jpg;https://images-na.ssl-images-amazon.com/images/I/41xMWRxbtLL.jpg,Optimum Pool Technologies R0456500 Temperature Sensor Replacement for Jandy LXI & Legacy Heater - Replaces R0456500,96305.0,206513.0,3.0,3.0,3.0,4.5,55.0,2023-07-05 08:54:00,,,,1.0,-,no,yes,,,1.0,74.4,74.29,0.62,,72.84,2.0,3.0,2.0,2.0,2020-06-11,,"Patio, Lawn & Garden",Pool Heater & Heat Pump Parts,"Patio, Lawn & Garden › Pools, Hot Tubs & Supplies › Heaters & Accessories › Pool Heater Parts & Accessories › Pool Heater & Heat Pump Parts",no,B07JGBZYJB,OPT-456500,,,,Optimum Pool Technologies,Optimum Pool Technologies,Lawn & Patio,,,,,262.0,45.0,1.0,,,no,702-3305477-7921047,2023-06-11 20:47:48+00:00,2023-06-20 21:21:28+00:00,Shipped,Amazon.ca,Standard,Optimum Pool Technologies R0456500 Temperature Sensor Replacement for Jandy LXI & Legacy Heater - Replaces R0456500,ANAHTARTESLIM-ANc2571866,B07JGBZYJB,1,CAD,72.84,,Pointe Aux Roches,Ontario,N0R 1N0,Canada,False,42.30496645,-82.5461395
B0BC8NHBZF,B09QGSK8VF,"20ft x10ft Adjustable Telescopic Backdrop Stand Heavy Duty Pipe and Drape Kit for Party Wedding Decoration Studio Photography Background, Photo Backdrop Frame Drape Support System Trade Show Display",430,60.0,0.0115,0.0889,0.0,0.0,2,1.0,868.07,437.3,Canada,Canada,https://images-na.ssl-images-amazon.com/images/I/21tsLFKLngL.jpg;https://images-na.ssl-images-amazon.com/images/I/31M3iMCzoQL.jpg;https://images-na.ssl-images-amazon.com/images/I/51C2nMsVFWL.jpg;https://images-na.ssl-images-amazon.com/images/I/21-BjqgmBBL.jpg;https://images-na.ssl-images-amazon.com/images/I/515+dPZjYrL.jpg;https://images-na.ssl-images-amazon.com/images/I/21s5sZ4nF0L.jpg;https://images-na.ssl-images-amazon.com/images/I/31HV0x0HBxL.jpg;https://images-na.ssl-images-amazon.com/images/I/519Jj5LTDyL.jpg;https://images-na.ssl-images-amazon.com/images/I/514adbj58oL.jpg,"20ft x10ft Adjustable Telescopic Backdrop Stand Heavy Duty Pipe and Drape Kit for Party Wedding Decoration Studio Photography Background, Photo Backdrop Frame Drape Support System Trade Show Display",79990.0,85194.0,1.0,4.0,4.0,4.2,14.0,2023-07-05 08:54:00,,478.38,,0.9,-,no,yes,,,1.0,430.77,456.78,0.0,,512.29,3.0,3.0,3.0,3.0,2023-04-17,2022-08-29,Electronics,"Background Supports, Backgrounds","Electronics › Camera, Photo & Video › Lighting & Studio › Photo Studio › Background Supports",no,B09QGSK8VF,YT-HG-ZJ-6157-0114,B0BC8NHBZF,"B09PBJ2WX5,B09PNFXHM9,B09QGSK8VF",,kunghei,kunghei,Electronics,Telescopic backdrop stand-20221121-YT,Style: Style 4: 6m long;,Silver,"L 6m/19.7ft/236.22in, W 3m/9.84ft/118.11in",42900.0,15000.0,1.0,,14000.0,no,701-6429718-3841862,2023-06-08 02:55:19+00:00,2023-06-12 20:42:37+00:00,Shipped,Amazon.ca,Standard,"20ft x10ft Adjustable Telescopic Backdrop Stand Heavy Duty Pipe and Drape Kit for Party Wedding Decoration Studio Photography Background, Photo Backdrop Frame Drape Support System Trade Show Display",ANAHTARTESLIM-ANc19330,B09QGSK8VF,1,CAD,437.3,30.61,Thompson,MB,R8N 1W5,Canada,True,55.73945,-97.87272
B014T9MM1M,B014T9MM1M,"USA PROSPECTOR Miller Table, Fine Gold Recovery",283,5.0,0.0076,0.0074,0.0,0.0,1,0.0,353.23,0.0,Canada,Canada,https://images-na.ssl-images-amazon.com/images/I/51Fitx0iztL.jpg;https://images-na.ssl-images-amazon.com/images/I/51e8i8c+QIL.jpg;https://images-na.ssl-images-amazon.com/images/I/51sRoDQJNIL.jpg;https://images-na.ssl-images-amazon.com/images/I/516ciErSzBL.jpg;https://images-na.ssl-images-amazon.com/images/I/41lVBmKSI9S.jpg;https://images-na.ssl-images-amazon.com/images/I/31HnqsczxnS.jpg,"USA PROSPECTOR Miller Table, Fine Gold Recovery",,,0.0,0.0,3.0,4.0,2.0,2023-07-04 21:52:00,358.29,375.44,30.0,0.0,İLYGE (0% A27AK1EI6B3B2X),no,no,,,1.0,347.94,372.02,0.0,,348.03,4.0,4.0,2.0,3.0,2019-01-02,,Home & Kitchen,Dishwashers,Home & Kitchen › Large Appliances › Dishwashers,no,B014T9MM1M,MILLER TABLE,,,"B009RLGDPE, B00AZ80H5U",USA PROSPECTOR,USA PROSPECTOR,Home,MILLER TABLE,,GREEN,17x12x12,40187.0,11340.0,1.0,5259.0,3629.0,no,702-9597965-5502650,2023-06-06 00:49:30+00:00,2023-06-07 17:40:38+00:00,Shipped,Amazon.ca,Standard,"Miller Table, Fine Gold Recovery",ANAHTARTESLIM-bn92766754,B014T9MM1M,1,CAD,353.23,,Calgary,Alberta,T3R 0E3,Canada,False,51.20605,-114.23574
B06XT5XXWL,B06XT5XXWL,SB7 Spirit Box Paranormal Research Device with Ghost Augustine Flashlight,160,1.0,0.0043,0.0015,0.0,0.0,1,0.0,173.17,0.0,Canada,,,,,,,,,,,,,,,,,,,,,,,,,,,,,,,,,Electronics,,,,,,,,,,,,,,,,,,,,,,701-5399766-2835416,2023-06-05 18:32:53+00:00,2023-06-10 16:51:18+00:00,Shipped,Amazon.ca,Standard,SB7 Spirit Box Paranormal Research Device with Ghost Augustine Flashlight,ANAHTARTESLIM-bn92578090,B06XT5XXWL,1,CAD,173.17,,Quebec,Quebec,G2B 5H2,Canada,False,46.89955,-71.37601
B0002YF9PA,B0002YF9PA,Corid - (9.6% Amprolium Solution) - Gallon,18,0.0,0.0005,0.0,0.0,0.0,0,0.0,0.0,0.0,Canada,,,,,,,,,,,,,,,,,,,,,,,,,,,,,,,,,Health & Household,,,,,,,,,,,,,,,,,,,,,,702-7370600-7119405,2023-05-30 17:22:16+00:00,2023-05-31 17:15:35+00:00,Cancelled,Amazon.ca,Standard,Corid - (9.6% Amprolium Solution) - Gallon,ANAHTARTESLIM-bn92809164,B0002YF9PA,0,CAD,254.6,,Barss Corner,Nova Scotia,B0R 1A0,Canada,False,44.53703577037037,-64.56104525185185
B0002YF9PA,B0002YF9PA,Corid - (9.6% Amprolium Solution) - Gallon,18,0.0,0.0005,0.0,0.0,0.0,0,0.0,0.0,0.0,Canada,,,,,,,,,,,,,,,,,,,,,,,,,,,,,,,,,Health & Household,,,,,,,,,,,,,,,,,,,,,,702-3927236-3446661,2023-05-30 17:05:15+00:00,2023-05-30 17:12:20+00:00,Cancelled,Amazon.ca,Standard,Corid - (9.6% Amprolium Solution) - Gallon,ANAHTARTESLIM-bn92809164,B0002YF9PA,0,,,,Barss Corner,Nova Scotia,B0R 1A0,Canada,False,44.53703577037037,-64.56104525185185
B07959NW2B,B07959NW2B,"AmerCare 4 3/8 Inches x 315 Feet White Thermal Register Rolls with 1/2 Inch ID Core, Case of 24",16,0.0,0.0004,0.0,0.0,0.0,5,0.0,1189.78,0.0,Canada,,,,,,,,,,,,,,,,,,,,,,,,,,,,,,,,,Office Products,,,,,,,,,,,,,,,,,,,,,,702-6806919-1442643,2023-05-30 16:14:23+00:00,2023-06-05 16:32:34+00:00,Shipped,Amazon.ca,Standard,"AmerCare 4 3/8 Inches x 315 Feet White Thermal Register Rolls with 1/2 Inch ID Core, Case of 24",ANAHTARTESLIM-bn92665926,B07959NW2B,5,CAD,1189.78,,Grand Bend,Ontario,N0M 1T0,Canada,False,43.30597405,-81.7576828625
B0BC8NHBZF,B09QGSK8VF,"20ft x10ft Adjustable Telescopic Backdrop Stand Heavy Duty Pipe and Drape Kit for Party Wedding Decoration Studio Photography Background, Photo Backdrop Frame Drape Support System Trade Show Display",430,60.0,0.0115,0.0889,0.0,0.0,2,1.0,868.07,437.3,Canada,Canada,https://images-na.ssl-images-amazon.com/images/I/21tsLFKLngL.jpg;https://images-na.ssl-images-amazon.com/images/I/31M3iMCzoQL.jpg;https://images-na.ssl-images-amazon.com/images/I/51C2nMsVFWL.jpg;https://images-na.ssl-images-amazon.com/images/I/21-BjqgmBBL.jpg;https://images-na.ssl-images-amazon.com/images/I/515+dPZjYrL.jpg;https://images-na.ssl-images-amazon.com/images/I/21s5sZ4nF0L.jpg;https://images-na.ssl-images-amazon.com/images/I/31HV0x0HBxL.jpg;https://images-na.ssl-images-amazon.com/images/I/519Jj5LTDyL.jpg;https://images-na.ssl-images-amazon.com/images/I/514adbj58oL.jpg,"20ft x10ft Adjustable Telescopic Backdrop Stand Heavy Duty Pipe and Drape Kit for Party Wedding Decoration Studio Photography Background, Photo Backdrop Frame Drape Support System Trade Show Display",79990.0,85194.0,1.0,4.0,4.0,4.2,14.0,2023-07-05 08:54:00,,478.38,,0.9,-,no,yes,,,1.0,430.77,456.78,0.0,,512.29,3.0,3.0,3.0,3.0,2023-04-17,2022-08-29,Electronics,"Background Supports, Backgrounds","Electronics › Camera, Photo & Video › Lighting & Studio › Photo Studio › Background Supports",no,B09QGSK8VF,YT-HG-ZJ-6157-0114,B0BC8NHBZF,"B09PBJ2WX5,B09PNFXHM9,B09QGSK8VF",,kunghei,kunghei,Electronics,Telescopic backdrop stand-20221121-YT,Style: Style 4: 6m long;,Silver,"L 6m/19.7ft/236.22in, W 3m/9.84ft/118.11in",42900.0,15000.0,1.0,,14000.0,no,702-0635616-7199466,2023-06-26 19:12:51+00:00,2023-06-30 14:50:32+00:00,Shipped,Amazon.ca,Expedited,"20ft x10ft Adjustable Telescopic Backdrop Stand Heavy Duty Pipe and Drape Kit for Party Wedding Decoration Studio Photography Background, Photo Backdrop Frame Drape Support System Trade Show Display",ANAHTARTESLIM-ANc19330,B09QGSK8VF,1,CAD,430.77,,Otterburn Park,Quebec,J3H 1G1,Canada,False,45.53862,-73.21186
B07X4J6LCS,B07WGH7QNP,"Dormeo Mattress Topper King - Relieving Octaspring Technology Mattress Topper - King Bed Toppers, Cooling Mattress Topper - 3 inch Mattress Topper King - King Size Mattress Toppers",300,4.0,0.008,0.0059,0.0,0.0,1,0.0,765.08,0.0,Canada,Canada,https://images-na.ssl-images-amazon.com/images/I/31BadBJE43L.jpg;https://images-na.ssl-images-amazon.com/images/I/511CfNYasZL.jpg;https://images-na.ssl-images-amazon.com/images/I/51FpID0EB1L.jpg;https://images-na.ssl-images-amazon.com/images/I/51oU3cV1-7L.jpg;https://images-na.ssl-images-amazon.com/images/I/41Y5xQjU7yL.jpg;https://images-na.ssl-images-amazon.com/images/I/51O7fs7EfkL.jpg;https://images-na.ssl-images-amazon.com/images/I/51jjj7WnNkL.jpg;https://images-na.ssl-images-amazon.com/images/I/510zl+Vq9lL.jpg;https://images-na.ssl-images-amazon.com/images/I/51YuF1Txp0L.jpg,"Dormeo Mattress Topper King - Relieving Octaspring Technology Mattress Topper - King Bed Toppers, Cooling Mattress Topper - 3 inch Mattress Topper King - King Size Mattress Toppers",268988.0,302048.0,4.0,8.0,12.0,4.2,1893.0,2023-07-05 08:30:00,838.39,799.12,3.0,0.17,comfortspace (78% A26F6W79PMX267),no,no,,,1.0,806.78,777.75,0.0,837.63,775.55,5.0,6.0,5.0,4.0,2020-09-15,2019-09-03,Home & Kitchen,Mattress Toppers,Home & Kitchen › Home Textiles › Bedding & Linen › Mattress Pads & Toppers › Mattress Toppers,no,B07WGH7QNP,30004-1060,B07X4J6LCS,"B07WJMHJ2P,B07WHHQBQX,B07WGHV3DS,B08W4SLL9P,B09JQYWB8R,B09JQWSHQR,B07WGHBD5W,B07WGH7QNP,B07WFHMD2V",,Dormeo,Dormeo,Furniture,30004-1060,Size: King;,WHITE,King,116590.0,14538.0,,298054.0,,no,701-8309052-0485821,2023-06-25 15:14:23+00:00,2023-06-26 18:31:13+00:00,Shipped,Amazon.ca,Standard,"Dormeo Mattress Topper King - Relieving Octaspring Technology Mattress Topper - King Bed Toppers, Cooling Mattress Topper - 3 inch Mattress Topper King - King Size Mattress Toppers",ANAHTARTESLIM-bn92807289,B07WGH7QNP,1,CAD,765.08,,Calgary,Alberta,T3G 3P8,Canada,False,51.13645,-114.16972
B01ENQN8RI,B01ENQN8RI,EZ Brand E-Z Patch 3 White Thinset Pool Tile Repair Cement 1 lb.,32,0.0,0.0009,0.0,0.0,0.0,1,0.0,96.49,0.0,Canada,,,,,,,,,,,,,,,,,,,,,,,,,,,,,,,,,"Patio, Lawn & Garden",,,,,,,,,,,,,,,,,,,,,,702-9050652-7025808,2023-06-25 10:47:55+00:00,2023-06-26 07:21:42+00:00,Shipped,Amazon.ca,Standard,EZ Brand E-Z Patch 3 White Thinset Pool Tile Repair Cement 1 lb.,ANAHTARTESLIM-ANc79423,B01ENQN8RI,1,CAD,96.49,,pickering,ontario,L1X1V3,Canada,False,43.85366,-79.09987
B0C5ZLMKRW,B087WJYZVQ,"GUTINNEEN Tortoise Cage Large Tortoise Habitat with Light Support Frame, Indoor Turtle House, Outdoor Tortoises Enclosure for Small Animals",85,0.0,0.0023,0.0,0.0,0.0,1,1.0,237.35,237.35,Canada,,,,,,,,,,,,,,,,,,,,,,,,,,,,,,,,,Pet Supplies,,,,,,,,,,,,,,,,,,,,,,702-4883345-5920200,2023-06-20 20:27:14+00:00,2023-06-21 07:45:52+00:00,Shipped,Amazon.ca,Standard,"GUTINNEEN Tortoise Cage Large Tortoise Habitat with Light Support Frame, Indoor Turtle House, Outdoor Tortoises Enclosure for Small Animals",ANAHTARTESLIM-bn92667563,B087WJYZVQ,1,CAD,237.35,,High Level,Alberta,T0H 1Z0,Canada,True,58.51370310846354,-117.00213988151044
B07JGBZYJB,B07JGBZYJB,Optimum Pool Technologies R0456500 Temperature Sensor Replacement for Jandy LXI & Legacy Heater - Replaces R0456500,52,0.0,0.0014,0.0,0.0,0.0,4,0.0,290.25,0.0,Canada,Canada,https://images-na.ssl-images-amazon.com/images/I/41QivSZFJLL.jpg;https://images-na.ssl-images-amazon.com/images/I/31D5T+q6E0L.jpg;https://images-na.ssl-images-amazon.com/images/I/41xMWRxbtLL.jpg,Optimum Pool Technologies R0456500 Temperature Sensor Replacement for Jandy LXI & Legacy Heater - Replaces R0456500,96305.0,206513.0,3.0,3.0,3.0,4.5,55.0,2023-07-05 08:54:00,,,,1.0,-,no,yes,,,1.0,74.4,74.29,0.62,,72.84,2.0,3.0,2.0,2.0,2020-06-11,,"Patio, Lawn & Garden",Pool Heater & Heat Pump Parts,"Patio, Lawn & Garden › Pools, Hot Tubs & Supplies › Heaters & Accessories › Pool Heater Parts & Accessories › Pool Heater & Heat Pump Parts",no,B07JGBZYJB,OPT-456500,,,,Optimum Pool Technologies,Optimum Pool Technologies,Lawn & Patio,,,,,262.0,45.0,1.0,,,no,702-6681870-3900218,2023-06-19 18:02:04+00:00,2023-06-20 07:44:10+00:00,Shipped,Amazon.ca,Standard,Optimum Pool Technologies R0456500 Temperature Sensor Replacement for Jandy LXI & Legacy Heater - Replaces R0456500,ANAHTARTESLIM-ANc2571866,B07JGBZYJB,1,CAD,71.74,,Waterdown,Ontario,L9H 7H8,Canada,False,43.32101,-79.90756
B07P1DH15R,B07P1DH15R,Callahan CDS02241 FRONT 330mm + REAR 300mm D/S 5 Lug [4] Rotors + Ceramic BrakePads + Clips [fit Mercedes GLK250 GLK350],65,0.0,0.0017,0.0,0.0,0.0,1,0.0,766.18,0.0,Canada,Canada,https://images-na.ssl-images-amazon.com/images/I/51LhUqwaufL.jpg;https://images-na.ssl-images-amazon.com/images/I/41FrhVNwLLL.jpg;https://images-na.ssl-images-amazon.com/images/I/51gI42FbO-L.jpg;https://images-na.ssl-images-amazon.com/images/I/51TK+vTULFL.jpg;https://images-na.ssl-images-amazon.com/images/I/51D1-fc6ByL.jpg;https://images-na.ssl-images-amazon.com/images/I/41XPlnZ0xfL.jpg,Callahan CDS02241 FRONT 330mm + REAR 300mm D/S 5 Lug [4] Rotors + Ceramic BrakePads + Clips [fit Mercedes GLK250 GLK350],1215101.0,1180872.0,0.0,0.0,0.0,4.2,15.0,2023-07-05 08:54:00,,852.94,,0.84,-,no,yes,,,1.0,761.91,817.38,0.0,,861.57,3.0,3.0,2.0,2.0,2023-05-02,2019-03-18,Automotive & Motorcycle,Brake Kits,Automotive › Replacement Parts › Brake System › Brake Kits,no,B07P1DH15R,EBYKC01213,,,,Callahan Brake Parts,Callahan Brake Parts,Automotive Parts and Accessories,EBYKC01213,,,,25727.0,39372.0,,,,no,701-5538514-5977805,2023-06-16 10:51:44+00:00,2023-06-21 16:40:38+00:00,Shipped,Amazon.ca,Expedited,Callahan CDS02241 FRONT 330mm + REAR 300mm D/S 5 Lug [4] Rotors + Ceramic BrakePads + Clips [fit Mercedes GLK250 GLK350],ANAHTARTESLIM-bn92666810,B07P1DH15R,1,CAD,766.18,,Montreal,Quebec,H2G 2X3,Canada,False,45.54382,-73.5977059
B07JGBZYJB,B07JGBZYJB,Optimum Pool Technologies R0456500 Temperature Sensor Replacement for Jandy LXI & Legacy Heater - Replaces R0456500,52,0.0,0.0014,0.0,0.0,0.0,4,0.0,290.25,0.0,Canada,Canada,https://images-na.ssl-images-amazon.com/images/I/41QivSZFJLL.jpg;https://images-na.ssl-images-amazon.com/images/I/31D5T+q6E0L.jpg;https://images-na.ssl-images-amazon.com/images/I/41xMWRxbtLL.jpg,Optimum Pool Technologies R0456500 Temperature Sensor Replacement for Jandy LXI & Legacy Heater - Replaces R0456500,96305.0,206513.0,3.0,3.0,3.0,4.5,55.0,2023-07-05 08:54:00,,,,1.0,-,no,yes,,,1.0,74.4,74.29,0.62,,72.84,2.0,3.0,2.0,2.0,2020-06-11,,"Patio, Lawn & Garden",Pool Heater & Heat Pump Parts,"Patio, Lawn & Garden › Pools, Hot Tubs & Supplies › Heaters & Accessories › Pool Heater Parts & Accessories › Pool Heater & Heat Pump Parts",no,B07JGBZYJB,OPT-456500,,,,Optimum Pool Technologies,Optimum Pool Technologies,Lawn & Patio,,,,,262.0,45.0,1.0,,,no,701-5012935-2736231,2023-06-15 14:36:08+00:00,2023-06-20 21:41:30+00:00,Shipped,Amazon.ca,Standard,Optimum Pool Technologies R0456500 Temperature Sensor Replacement for Jandy LXI & Legacy Heater - Replaces R0456500,ANAHTARTESLIM-ANc2571866,B07JGBZYJB,1,CAD,72.84,,Ragueneau,QuÃ©bec,G0H1S0,Canada,False,49.07076,-68.53389
B08JZHV5F1,B08JZHV5F1,"Deer Fly Ball 3 Pack Deluxe Kit Complete- Odorless Eco-Friendly Biting Fly and Insect Killer with NO Pesticides or Electricity Needed, Kid and Pet Safe…",103,1.0,0.0028,0.0015,0.0,0.0,1,0.0,114.75,0.0,Canada,Canada,https://images-na.ssl-images-amazon.com/images/I/51YV74Y7hzL.jpg;https://images-na.ssl-images-amazon.com/images/I/41U9Js4pMFS.jpg;https://images-na.ssl-images-amazon.com/images/I/31fJpHczueL.jpg;https://images-na.ssl-images-amazon.com/images/I/41tGVhtEzRS.jpg;https://images-na.ssl-images-amazon.com/images/I/51hdVeMBFGS.jpg,"Deer Fly Ball 3 Pack Deluxe Kit Complete- Odorless Eco-Friendly Biting Fly and Insect Killer with NO Pesticides or Electricity Needed, Kid and Pet Safe…",30227.0,88739.0,7.0,7.0,7.0,3.9,84.0,2023-07-04 17:06:00,129.07,124.56,,0.69,FCS Online (0% ADHQ1EIRR50GJ),no,no,,,1.0,115.86,125.76,0.0,,123.82,6.0,6.0,4.0,4.0,2021-08-25,,"Patio, Lawn & Garden",Traps,"Patio, Lawn & Garden › Pest Control › Traps",no,B08JZHV5F1,,,,,A & L Wholesale Company,Bug Ball,Lawn & Patio,,,"Black, Blue",,7848.0,1488.0,,,,no,701-7394700-2348235,2023-06-15 14:08:21+00:00,2023-06-20 17:22:54+00:00,Shipped,Amazon.ca,Standard,"Deer Fly Ball 3 Pack Deluxe Kit Complete- Odorless Eco-Friendly Biting Fly and Insect Killer with NO Pesticides or Electricity Needed, Kid and Pet Safe...",ANAHTARTESLIM-ANc51019,B08JZHV5F1,1,CAD,114.75,,Ardoch,Ontario,K0H 1C0,Canada,False,44.92839,-76.92753
